Object ID,Image,Description,Confidence
a7898e12-6cd4-431f-8deb-6bc2743baf9c,"[[[111 107  95]
  [112 108  96]
  [118 116 103]
  ...
  [139 152 145]
  [130 143 136]
  [136 149 142]]

 [[110 106  94]
  [109 106  91]
  [105 103  90]
  ...
  [138 149 143]
  [139 150 144]
  [130 141 135]]

 [[119 117 102]
  [112 111  93]
  [111 109  94]
  ...
  [140 147 140]
  [147 154 147]
  [148 155 148]]

 ...

 [[ 70  99 115]
  [ 62  91 107]
  [ 70 101 119]
  ...
  [124 131 124]
  [103 114 108]
  [113 124 120]]

 [[ 71 100 116]
  [ 75 104 120]
  [ 44  75  93]
  ...
  [106 113 106]
  [106 117 111]
  [109 120 116]]

 [[ 65  94 110]
  [ 66  98 113]
  [ 64  97 114]
  ...
  [131 141 132]
  [108 118 110]
  [ 98 109 103]]]",car,0.99859613
0d5227a9-fb40-4581-bbec-7e577de5189f,"[[[ 51   7  22]
  [ 54   6  22]
  [ 56   5  22]
  ...
  [111  97  88]
  [104  90  81]
  [110  96  85]]

 [[ 51   7  22]
  [ 54   6  22]
  [ 56   5  22]
  ...
  [112  98  89]
  [119 105  96]
  [115 101  90]]

 [[ 51   7  22]
  [ 54   6  22]
  [ 56   5  22]
  ...
  [111  97  88]
  [104  90  81]
  [107  93  84]]

 ...

 [[189 189 191]
  [191 191 191]
  [185 184 182]
  ...
  [215 217 204]
  [218 220 206]
  [222 220 205]]

 [[184 184 186]
  [172 172 172]
  [180 179 177]
  ...
  [218 218 206]
  [212 213 199]
  [209 210 196]]

 [[186 186 186]
  [176 176 176]
  [187 186 184]
  ...
  [207 208 194]
  [213 214 200]
  [219 220 206]]]",car,0.9968201
b4dcbaac-604b-447c-8a08-87d00a7c69e2,"[[[212 189 183]
  [203 182 177]
  [207 190 183]
  ...
  [146 132 119]
  [148 134 121]
  [148 134 121]]

 [[213 192 187]
  [211 190 187]
  [210 191 187]
  ...
  [152 138 125]
  [150 136 123]
  [150 136 123]]

 [[212 193 187]
  [214 193 190]
  [212 188 188]
  ...
  [147 135 119]
  [152 140 126]
  [145 133 119]]

 ...

 [[123 112 126]
  [128 116 130]
  [120 108 122]
  ...
  [122 138 151]
  [120 137 147]
  [125 142 152]]

 [[125 117 130]
  [112 104 117]
  [123 112 126]
  ...
  [119 135 148]
  [124 141 151]
  [122 139 149]]

 [[119 115 129]
  [109 105 119]
  [117 111 125]
  ...
  [125 141 154]
  [117 134 144]
  [123 140 150]]]",car,0.9942504
f6b11e57-4206-49bd-a766-ddbd76715cce,"[[[193 198 192]
  [194 199 193]
  [196 201 195]
  ...
  [ 47  58  88]
  [ 36  47  75]
  [ 74  87  95]]

 [[188 193 187]
  [189 194 188]
  [192 197 191]
  ...
  [ 51  60  93]
  [ 34  43  72]
  [ 49  62  71]]

 [[195 200 194]
  [199 204 198]
  [196 201 195]
  ...
  [ 57  65 101]
  [ 39  48  79]
  [ 40  52  64]]

 ...

 [[142 165 173]
  [141 164 172]
  [134 158 168]
  ...
  [193 197 180]
  [196 201 181]
  [198 202 179]]

 [[134 157 165]
  [126 149 157]
  [125 149 159]
  ...
  [184 191 175]
  [199 203 186]
  [197 201 178]]

 [[134 157 165]
  [132 155 163]
  [134 156 167]
  ...
  [187 193 179]
  [186 193 177]
  [201 206 183]]]",car,0.9938839
1ba60daf-bd00-4a92-97b4-003385b5bda7,"[[[161 154 136]
  [171 166 147]
  [166 160 144]
  ...
  [170 171 155]
  [171 172 156]
  [170 171 155]]

 [[171 164 148]
  [157 151 135]
  [162 156 140]
  ...
  [170 171 155]
  [174 175 159]
  [169 170 154]]

 [[158 151 135]
  [155 149 133]
  [169 163 147]
  ...
  [165 166 152]
  [168 169 155]
  [169 170 156]]

 ...

 [[120 136 149]
  [115 132 142]
  [116 133 143]
  ...
  [137 144 136]
  [131 138 130]
  [137 144 136]]

 [[110 126 139]
  [109 126 136]
  [120 137 147]
  ...
  [139 146 138]
  [141 148 140]
  [153 160 152]]

 [[121 135 148]
  [118 132 145]
  [111 125 138]
  ...
  [155 165 156]
  [154 164 155]
  [146 153 145]]]",car,0.99235356
7a79abde-772f-4bc3-bbf8-c714b4b52741,"[[[163 158 138]
  [168 162 140]
  [159 148 130]
  ...
  [139 124 117]
  [162 150 138]
  [157 150 132]]

 [[172 167 147]
  [162 154 131]
  [147 132 111]
  ...
  [153 140 131]
  [177 168 153]
  [159 154 134]]

 [[176 170 154]
  [162 154 131]
  [191 176 153]
  ...
  [166 158 147]
  [179 173 157]
  [155 154 133]]

 ...

 [[109 110 115]
  [108 111 116]
  [107 110 115]
  ...
  [214 216 211]
  [210 212 209]
  [212 212 210]]

 [[108 108 116]
  [106 109 116]
  [105 108 115]
  ...
  [231 233 230]
  [227 227 225]
  [228 226 227]]

 [[105 105 115]
  [103 106 115]
  [101 104 113]
  ...
  [207 209 206]
  [197 199 196]
  [198 198 198]]]",bus,0.9916231
4632d309-7fb8-44ca-9dfe-e56aefc59ff1,"[[[205 214 209]
  [207 219 215]
  [193 212 206]
  ...
  [ 83 127 130]
  [ 39  80  84]
  [139 170 173]]

 [[176 191 184]
  [181 200 196]
  [180 207 202]
  ...
  [ 81 119 122]
  [ 64 103 108]
  [ 84 113 117]]

 [[170 190 181]
  [178 201 195]
  [123 152 148]
  ...
  [ 17  48  53]
  [ 10  45  51]
  [ 18  45  52]]

 ...

 [[ 72 107 109]
  [ 24  63  70]
  [ 26  62  76]
  ...
  [145 164 171]
  [189 204 211]
  [199 210 214]]

 [[116 148 147]
  [ 50  87  93]
  [ 37  75  86]
  ...
  [195 209 212]
  [203 215 215]
  [207 218 214]]

 [[145 174 170]
  [ 71 105 107]
  [ 51  89  98]
  ...
  [199 215 214]
  [203 218 213]
  [207 223 212]]]",car,0.99137336
a28e23fd-dfd6-4c32-a71e-d09c0882d073,"[[[169 190 193]
  [165 189 191]
  [162 186 190]
  ...
  [164 175 171]
  [162 175 168]
  [164 177 170]]

 [[162 183 188]
  [158 179 184]
  [159 179 186]
  ...
  [165 176 172]
  [172 183 179]
  [172 183 179]]

 [[163 184 189]
  [162 182 189]
  [157 177 184]
  ...
  [163 174 170]
  [169 180 176]
  [178 189 185]]

 ...

 [[121 141 150]
  [119 139 150]
  [110 130 141]
  ...
  [165 152 144]
  [182 173 166]
  [186 182 173]]

 [[122 142 151]
  [117 139 150]
  [104 126 137]
  ...
  [158 148 138]
  [171 164 154]
  [172 169 160]]

 [[121 141 150]
  [122 144 155]
  [113 135 146]
  ...
  [168 158 148]
  [170 163 153]
  [167 165 153]]]",car,0.98810184
1b97abd1-5b73-4747-a3db-817330141032,"[[[200 194 178]
  [200 197 180]
  [202 199 184]
  ...
  [199 209 200]
  [202 212 203]
  [204 212 201]]

 [[204 198 184]
  [202 199 184]
  [200 196 184]
  ...
  [198 210 200]
  [198 208 200]
  [200 207 199]]

 [[199 196 179]
  [199 198 180]
  [199 197 182]
  ...
  [194 207 198]
  [198 209 203]
  [198 208 200]]

 ...

 [[ 49  54  73]
  [ 43  49  65]
  [ 44  44  54]
  ...
  [188 192 175]
  [190 195 175]
  [190 191 173]]

 [[ 50  56  80]
  [ 49  53  78]
  [ 55  54  72]
  ...
  [188 192 178]
  [189 193 179]
  [189 193 179]]

 [[ 70  77 103]
  [ 67  73  99]
  [ 74  72  93]
  ...
  [188 191 180]
  [188 191 180]
  [188 194 184]]]",person,0.9874335
87f8d1b5-72b5-41f3-9e50-89255a9746c7,"[[[167 101  85]
  [188 126 115]
  [120  66  66]
  ...
  [204 184 177]
  [201 182 175]
  [203 184 178]]

 [[142  76  60]
  [178 116 105]
  [121  67  65]
  ...
  [207 186 181]
  [206 187 181]
  [205 186 180]]

 [[142  76  60]
  [167 105  94]
  [122  69  65]
  ...
  [203 184 178]
  [202 185 178]
  [202 185 178]]

 ...

 [[ 47   6  22]
  [ 47   6  22]
  [ 48   7  23]
  ...
  [143 132 140]
  [151 140 148]
  [141 129 139]]

 [[ 47   6  22]
  [ 47   6  22]
  [ 48   7  23]
  ...
  [142 130 140]
  [140 128 138]
  [143 129 142]]

 [[ 46   7  25]
  [ 46   7  25]
  [ 46   7  25]
  ...
  [131 117 130]
  [140 126 139]
  [142 125 141]]]",car,0.9838747
af29d6db-de14-47d9-aae4-7e42e7492a69,"[[[177 178 164]
  [174 175 161]
  [172 173 157]
  ...
  [149 134 113]
  [153 138 117]
  [150 138 114]]

 [[183 184 170]
  [177 178 162]
  [191 192 174]
  ...
  [150 135 114]
  [154 139 118]
  [153 141 117]]

 [[178 179 163]
  [188 189 173]
  [207 206 188]
  ...
  [152 140 116]
  [154 142 118]
  [156 144 120]]

 ...

 [[122 134 148]
  [122 131 146]
  [116 124 137]
  ...
  [110 115 118]
  [116 121 124]
  [118 123 127]]

 [[122 134 148]
  [122 131 146]
  [117 124 140]
  ...
  [112 117 121]
  [117 122 126]
  [122 130 133]]

 [[118 130 144]
  [117 129 143]
  [117 126 141]
  ...
  [113 118 122]
  [118 123 127]
  [129 137 140]]]",car,0.97705305
51cf1176-3b03-4760-9c23-022597bb3838,"[[[223 205 191]
  [225 207 193]
  [225 207 193]
  ...
  [120 133 142]
  [119 132 141]
  [119 132 141]]

 [[218 200 186]
  [219 201 187]
  [219 201 187]
  ...
  [123 136 145]
  [123 136 145]
  [121 135 144]]

 [[206 188 174]
  [205 187 173]
  [206 188 174]
  ...
  [124 137 146]
  [124 137 146]
  [124 138 147]]

 ...

 [[125 127 140]
  [132 132 144]
  [139 137 150]
  ...
  [153 151 139]
  [164 162 150]
  [169 167 155]]

 [[129 131 144]
  [132 132 144]
  [127 125 138]
  ...
  [161 159 147]
  [163 161 149]
  [174 171 162]]

 [[125 127 140]
  [128 128 140]
  [127 125 136]
  ...
  [169 167 155]
  [168 166 154]
  [171 168 159]]]",car,0.9714344
6643d7a1-5d13-4e67-a129-cca3e2a597ee,"[[[181 215 216]
  [183 214 216]
  [181 215 214]
  ...
  [183 214 217]
  [181 212 215]
  [180 211 214]]

 [[182 216 217]
  [184 215 217]
  [182 216 217]
  ...
  [180 215 217]
  [179 214 216]
  [178 213 215]]

 [[182 216 217]
  [184 216 215]
  [182 216 217]
  ...
  [180 215 217]
  [180 215 217]
  [179 214 216]]

 ...

 [[160 195 197]
  [159 194 198]
  [159 192 197]
  ...
  [180 195 188]
  [183 198 193]
  [184 200 197]]

 [[161 197 197]
  [159 194 196]
  [159 193 195]
  ...
  [180 195 190]
  [183 198 193]
  [183 199 196]]

 [[162 198 198]
  [159 194 196]
  [155 193 194]
  ...
  [178 194 191]
  [181 197 196]
  [182 198 197]]]",person,0.9712865
6e1f61af-660d-4844-948f-47011b5d4978,"[[[210 219 202]
  [210 219 202]
  [210 216 202]
  ...
  [196 217 208]
  [195 217 205]
  [195 219 206]]

 [[208 220 200]
  [210 219 202]
  [210 216 204]
  ...
  [198 218 207]
  [198 220 208]
  [197 221 208]]

 [[210 219 202]
  [210 219 202]
  [210 216 204]
  ...
  [198 218 207]
  [199 219 208]
  [198 220 208]]

 ...

 [[129 166 192]
  [ 94 129 157]
  [ 42  76 101]
  ...
  [163 188 192]
  [171 196 203]
  [170 197 206]]

 [[ 61  89 111]
  [ 49  75  98]
  [ 77 104 123]
  ...
  [151 175 179]
  [163 188 193]
  [163 188 195]]

 [[113 139 156]
  [ 84 110 125]
  [ 82 110 124]
  ...
  [ 75  99 101]
  [ 82 103 108]
  [ 83 103 110]]]",person,0.96793437
370071e5-c04d-4389-b5a5-97aeaec317fe,"[[[223 185 172]
  [231 189 177]
  [234 192 180]
  ...
  [212 189 175]
  [213 189 177]
  [212 188 176]]

 [[230 194 180]
  [232 194 181]
  [230 192 179]
  ...
  [217 194 180]
  [225 201 189]
  [226 202 190]]

 [[235 198 182]
  [232 196 180]
  [229 193 177]
  ...
  [224 202 188]
  [223 199 187]
  [224 200 188]]

 ...

 [[206 169 161]
  [200 159 153]
  [199 156 149]
  ...
  [210 180 170]
  [215 186 172]
  [213 184 168]]

 [[194 157 151]
  [192 148 145]
  [193 150 144]
  ...
  [213 183 173]
  [210 181 167]
  [209 180 164]]

 [[179 139 139]
  [185 143 144]
  [188 144 145]
  ...
  [214 182 171]
  [208 179 165]
  [215 186 172]]]",person,0.9652753
07eac4e6-fc2b-4b91-bd59-32d422ebd688,"[[[ 87 127 139]
  [ 71 108 127]
  [166 205 222]
  ...
  [ 33  91 115]
  [  8  59  76]
  [  0  36  50]]

 [[161 200 215]
  [ 70 106 128]
  [142 180 201]
  ...
  [104 161 190]
  [131 179 201]
  [ 50  93 112]]

 [[ 98 135 151]
  [ 86 122 146]
  [142 183 205]
  ...
  [104 170 192]
  [123 179 194]
  [ 24  72  86]]

 ...

 [[178 227 231]
  [190 246 237]
  [190 246 233]
  ...
  [151 216 234]
  [141 207 223]
  [128 196 207]]

 [[189 239 236]
  [184 240 227]
  [187 241 227]
  ...
  [ 50  92 114]
  [ 42  85 104]
  [ 17  63  79]]

 [[198 245 239]
  [184 234 222]
  [172 220 208]
  ...
  [  1  39  62]
  [  6  42  66]
  [  0  36  57]]]",bus,0.9644064
98bc64a5-97d9-41af-9a8c-925fe8d62c01,"[[[182 145 137]
  [181 144 138]
  [179 141 138]
  ...
  [ 98  88  96]
  [ 91  81  90]
  [ 86  76  85]]

 [[180 146 137]
  [182 147 141]
  [180 147 142]
  ...
  [104  93  99]
  [100  89  97]
  [ 98  87  95]]

 [[182 149 142]
  [184 151 146]
  [182 151 146]
  ...
  [103  92  98]
  [100  89  95]
  [ 97  86  94]]

 ...

 [[177 161 161]
  [191 173 171]
  [192 173 169]
  ...
  [226 206 197]
  [225 209 194]
  [221 205 189]]

 [[203 185 181]
  [191 172 168]
  [190 171 165]
  ...
  [223 203 194]
  [218 202 187]
  [221 206 187]]

 [[190 171 164]
  [195 176 169]
  [191 171 164]
  ...
  [244 222 211]
  [215 198 182]
  [216 199 181]]]",person,0.9638804
51ac8ac6-f069-4f67-ba79-96ade0e951f3,"[[[ 66  12  28]
  [ 80  27  45]
  [197 143 166]
  ...
  [ 65  23  37]
  [ 72  28  43]
  [ 71  16  35]]

 [[ 73  20  38]
  [ 75  22  42]
  [192 138 161]
  ...
  [ 83  28  47]
  [ 86  27  47]
  [ 93  23  49]]

 [[ 73  31  43]
  [ 80  33  49]
  [196 145 164]
  ...
  [ 96  23  53]
  [101  22  54]
  [115  31  65]]

 ...

 [[ 40  26  25]
  [129 109 110]
  [185 166 168]
  ...
  [ 81  65  65]
  [ 60  44  47]
  [ 44  29  36]]

 [[ 35  23  23]
  [123 107 107]
  [174 158 158]
  ...
  [ 82  64  62]
  [ 64  46  46]
  [ 42  27  30]]

 [[ 42  34  32]
  [113 104  97]
  [176 159 151]
  ...
  [ 72  43  45]
  [ 59  33  34]
  [ 44  24  26]]]",person,0.9619071
77449669-8dcc-471c-bac3-69a8ad31de4b,"[[[222 189 184]
  [226 186 184]
  [227 186 182]
  ...
  [220 190 179]
  [223 193 182]
  [217 187 177]]

 [[226 192 183]
  [232 189 183]
  [233 188 182]
  ...
  [219 189 179]
  [226 196 186]
  [213 180 173]]

 [[228 191 183]
  [233 188 182]
  [235 188 180]
  ...
  [229 199 189]
  [224 194 186]
  [216 181 175]]

 ...

 [[172 135 127]
  [174 135 128]
  [182 143 136]
  ...
  [203 164 157]
  [210 171 164]
  [207 168 161]]

 [[188 148 138]
  [191 148 139]
  [194 151 142]
  ...
  [211 172 165]
  [205 166 159]
  [204 167 159]]

 [[200 158 146]
  [202 158 147]
  [199 155 144]
  ...
  [206 169 161]
  [199 162 154]
  [207 170 162]]]",person,0.95594114
0580ef94-9340-4622-8328-2dd4ec6716b6,"[[[175 223 235]
  [ 46 105 145]
  [ 24  84 136]
  ...
  [200 240 229]
  [204 246 234]
  [196 238 228]]

 [[178 229 246]
  [ 21  82 127]
  [ 37  94 149]
  ...
  [207 242 235]
  [197 237 226]
  [198 238 229]]

 [[174 238 255]
  [ 25  91 141]
  [ 29  88 146]
  ...
  [207 239 234]
  [198 233 227]
  [198 235 228]]

 ...

 [[ 36  56  89]
  [ 26  41  72]
  [ 20  33  67]
  ...
  [177 196 194]
  [168 187 181]
  [189 209 200]]

 [[161 184 202]
  [136 157 176]
  [ 84 105 126]
  ...
  [176 195 189]
  [171 194 184]
  [185 208 198]]

 [[185 212 219]
  [189 216 225]
  [177 205 216]
  ...
  [184 205 198]
  [174 200 191]
  [161 187 178]]]",person,0.9532865
1db1dd12-510d-42d8-9d6a-2ebf48a1b541,"[[[ 91 143 141]
  [ 69 115 113]
  [ 44  79  83]
  ...
  [ 22  56  65]
  [ 32  63  66]
  [ 27  58  52]]

 [[107 164 171]
  [ 41  88  96]
  [  1  30  44]
  ...
  [  6  31  53]
  [ 18  41  55]
  [ 24  56  53]]

 [[171 227 240]
  [118 164 179]
  [  0  14  34]
  ...
  [ 17  36  66]
  [ 30  53  71]
  [ 26  58  57]]

 ...

 [[200 232 219]
  [202 236 222]
  [198 232 218]
  ...
  [186 214 191]
  [188 216 193]
  [192 219 204]]

 [[187 214 205]
  [182 212 202]
  [177 204 195]
  ...
  [189 221 198]
  [200 229 207]
  [194 220 207]]

 [[122 151 146]
  [103 134 128]
  [107 136 131]
  ...
  [183 220 202]
  [192 225 206]
  [198 226 214]]]",car,0.9525785
60d397f6-664f-4f02-930c-5f43295e0c0d,"[[[132 182 179]
  [163 219 220]
  [196 252 253]
  ...
  [149 219 227]
  [137 203 219]
  [119 177 197]]

 [[173 223 222]
  [138 192 192]
  [131 187 188]
  ...
  [156 220 219]
  [172 233 234]
  [151 208 217]]

 [[179 229 228]
  [162 216 216]
  [165 221 222]
  ...
  [172 233 226]
  [178 234 231]
  [177 227 234]]

 ...

 [[202 230 231]
  [204 234 234]
  [199 232 241]
  ...
  [208 241 250]
  [ 70 116 132]
  [ 50  98 112]]

 [[198 226 227]
  [202 233 236]
  [193 227 237]
  ...
  [219 253 255]
  [102 146 159]
  [112 160 170]]

 [[189 221 220]
  [167 200 205]
  [151 185 195]
  ...
  [185 225 227]
  [132 177 180]
  [118 168 169]]]",person,0.95026284
90a2f548-6c76-4863-902a-eff5e9002f60,"[[[ 78  98 123]
  [ 71  89 111]
  [ 64  81  97]
  ...
  [160 178 178]
  [157 175 177]
  [155 173 175]]

 [[ 85 106 133]
  [ 78  98 122]
  [ 72  93 110]
  ...
  [163 181 181]
  [158 176 178]
  [150 168 170]]

 [[ 93 117 143]
  [ 87 109 132]
  [ 81 104 120]
  ...
  [164 182 182]
  [157 172 175]
  [150 165 168]]

 ...

 [[122 153 156]
  [125 156 159]
  [121 150 154]
  ...
  [156 163 155]
  [158 168 160]
  [163 176 169]]

 [[125 156 158]
  [130 161 163]
  [124 154 156]
  ...
  [151 161 152]
  [158 169 161]
  [164 177 170]]

 [[123 153 155]
  [123 153 155]
  [119 149 151]
  ...
  [151 161 153]
  [161 174 167]
  [161 174 167]]]",car,0.9491755
fdc5be80-a228-4c8d-883a-bc5b4e899411,"[[[187 191 177]
  [189 193 179]
  [189 193 179]
  ...
  [188 217 212]
  [186 212 209]
  [180 205 212]]

 [[190 194 180]
  [191 195 181]
  [192 196 182]
  ...
  [188 220 215]
  [178 207 202]
  [185 210 214]]

 [[188 192 178]
  [190 194 180]
  [190 194 180]
  ...
  [171 205 204]
  [183 212 207]
  [189 215 216]]

 ...

 [[118 141 155]
  [119 142 156]
  [122 146 158]
  ...
  [148 158 134]
  [182 190 167]
  [191 199 178]]

 [[123 147 159]
  [118 142 154]
  [118 141 155]
  ...
  [165 173 150]
  [194 202 179]
  [198 206 185]]

 [[122 146 156]
  [116 140 152]
  [117 140 154]
  ...
  [167 175 152]
  [190 198 175]
  [201 209 188]]]",car,0.9460104
1b953bea-2703-47bf-9b34-74855be49820,"[[[ 48  68  95]
  [ 49  69  94]
  [ 47  67  92]
  ...
  [211 228 218]
  [210 229 223]
  [204 229 223]]

 [[ 51  81 107]
  [ 53  83 109]
  [ 53  83 109]
  ...
  [179 199 188]
  [214 233 227]
  [206 233 226]]

 [[ 61  97 123]
  [ 59  96 122]
  [ 61  97 121]
  ...
  [167 189 177]
  [217 238 229]
  [206 232 223]]

 ...

 [[153 181 185]
  [147 174 181]
  [111 141 149]
  ...
  [ 27  53  66]
  [ 32  66  76]
  [112 158 158]]

 [[153 183 185]
  [151 179 183]
  [118 147 153]
  ...
  [ 32  54  68]
  [ 41  75  87]
  [ 81 130 135]]

 [[153 183 185]
  [154 182 186]
  [124 151 158]
  ...
  [ 42  59  77]
  [ 39  70  88]
  [ 19  69  80]]]",car,0.93950206
2f44ec90-c877-43f9-8c68-2790f4b63d01,"[[[214 235 230]
  [211 236 230]
  [208 237 232]
  ...
  [213 241 244]
  [214 239 243]
  [210 238 239]]

 [[211 233 230]
  [208 235 228]
  [206 237 231]
  ...
  [213 244 247]
  [213 244 249]
  [211 242 245]]

 [[208 235 230]
  [206 235 230]
  [205 237 232]
  ...
  [180 224 227]
  [180 221 225]
  [178 219 225]]

 ...

 [[ 30 101 189]
  [ 39 111 211]
  [ 49 119 204]
  ...
  [205 230 226]
  [203 228 222]
  [199 225 216]]

 [[ 15  81 155]
  [ 22  89 170]
  [ 28  93 161]
  ...
  [202 224 221]
  [203 226 220]
  [204 227 219]]

 [[ 34  97 151]
  [ 42 104 165]
  [ 80 138 188]
  ...
  [204 229 223]
  [203 230 223]
  [203 230 221]]]",person,0.9394145
3b3f7cbe-08eb-45d4-b22c-816505ee6bd8,"[[[209 241 240]
  [209 248 245]
  [191 236 231]
  ...
  [201 243 241]
  [193 237 240]
  [162 208 221]]

 [[140 171 174]
  [131 171 171]
  [118 164 162]
  ...
  [179 219 218]
  [195 239 240]
  [179 228 235]]

 [[118 150 161]
  [143 183 193]
  [177 222 228]
  ...
  [202 238 238]
  [181 222 224]
  [177 228 232]]

 ...

 [[129 207 219]
  [127 210 214]
  [124 210 211]
  ...
  [ 84 117 126]
  [ 82 115 122]
  [100 134 136]]

 [[135 209 222]
  [130 209 213]
  [123 204 207]
  ...
  [168 202 203]
  [192 226 227]
  [154 192 193]]

 [[139 205 219]
  [138 209 215]
  [136 210 213]
  ...
  [180 210 202]
  [179 210 204]
  [158 200 199]]]",person,0.93755287
eabe2a47-6c73-4392-9347-2a17c8a5eebd,"[[[ 57  38  40]
  [ 64  48  51]
  [ 74  58  58]
  ...
  [213 205 182]
  [214 206 183]
  [217 211 187]]

 [[ 61  40  39]
  [ 69  47  49]
  [ 88  69  65]
  ...
  [217 205 183]
  [217 206 184]
  [214 206 183]]

 [[ 66  36  34]
  [116  86  84]
  [139 114 109]
  ...
  [220 205 186]
  [221 206 187]
  [216 203 184]]

 ...

 [[170 125 119]
  [105  58  50]
  [126  88  77]
  ...
  [165 147 143]
  [187 170 163]
  [196 182 171]]

 [[179 135 124]
  [126  79  69]
  [128  92  78]
  ...
  [207 188 181]
  [218 201 191]
  [214 198 185]]

 [[178 136 122]
  [116  72  59]
  [129  93  79]
  ...
  [218 200 188]
  [219 203 190]
  [216 200 187]]]",person,0.9345155
b7d7acfe-4c4c-44b2-98f0-5a3e75960784,"[[[209 198 192]
  [211 201 192]
  [194 182 170]
  ...
  [213 186 169]
  [217 191 174]
  [217 196 177]]

 [[206 196 184]
  [203 193 181]
  [192 180 164]
  ...
  [166 137 123]
  [208 181 164]
  [219 196 178]]

 [[206 197 180]
  [201 194 176]
  [193 184 167]
  ...
  [127  95  84]
  [200 171 157]
  [211 186 166]]

 ...

 [[209 195 160]
  [216 200 167]
  [211 194 166]
  ...
  [185 167 163]
  [183 165 161]
  [178 160 156]]

 [[223 206 176]
  [213 196 168]
  [212 194 170]
  ...
  [182 164 164]
  [161 143 141]
  [169 151 147]]

 [[208 182 165]
  [193 167 152]
  [187 163 151]
  ...
  [179 160 162]
  [165 149 149]
  [165 147 143]]]",person,0.9330139
cd7c7c31-baa4-4fb1-afcd-b436d5dfb01e,"[[[131 168 186]
  [119 156 175]
  [102 149 169]
  ...
  [179 220 212]
  [182 223 217]
  [184 225 219]]

 [[190 227 236]
  [169 209 219]
  [119 171 185]
  ...
  [176 216 208]
  [183 219 215]
  [183 219 215]]

 [[199 234 236]
  [152 191 196]
  [ 64 113 127]
  ...
  [186 225 220]
  [192 228 226]
  [188 224 222]]

 ...

 [[177 221 224]
  [175 223 227]
  [170 224 224]
  ...
  [ 77 145 146]
  [173 225 221]
  [182 227 220]]

 [[182 222 224]
  [179 220 224]
  [173 221 223]
  ...
  [160 217 224]
  [187 237 234]
  [191 233 229]]

 [[181 221 223]
  [179 220 222]
  [175 220 223]
  ...
  [181 236 239]
  [190 241 236]
  [190 236 226]]]",person,0.92874104
79fae319-1e64-4cd0-9efd-a06fcfe6952f,"[[[148 193 198]
  [115 166 169]
  [ 95 151 152]
  ...
  [161 220 214]
  [163 224 219]
  [160 220 218]]

 [[184 223 228]
  [166 211 214]
  [133 183 184]
  ...
  [141 198 189]
  [139 199 191]
  [152 214 209]]

 [[211 246 248]
  [192 236 237]
  [190 236 236]
  ...
  [172 225 217]
  [167 224 217]
  [154 215 208]]

 ...

 [[ 65 104 147]
  [ 42  81 120]
  [ 49  84 112]
  ...
  [155 184 202]
  [ 34  65  93]
  [ 29  65  91]]

 [[ 40  75 113]
  [ 32  67 105]
  [ 59  92 123]
  ...
  [186 215 233]
  [114 146 171]
  [ 23  59  81]]

 [[ 29  59  93]
  [ 30  60  98]
  [ 50  83 116]
  ...
  [162 197 216]
  [115 151 175]
  [ 38  76  99]]]",person,0.9235181
329162f1-f47b-40cc-b845-316029f97a3d,"[[[177 220 210]
  [185 225 214]
  [182 219 211]
  ...
  [118 173 180]
  [178 228 237]
  [197 244 252]]

 [[161 212 205]
  [159 211 199]
  [158 205 197]
  ...
  [ 91 149 160]
  [122 185 194]
  [164 227 234]]

 [[190 246 237]
  [190 246 233]
  [185 234 228]
  ...
  [120 177 184]
  [ 62 127 131]
  [ 98 168 170]]

 ...

 [[154 195 191]
  [188 227 222]
  [193 234 230]
  ...
  [171 212 216]
  [182 222 222]
  [192 231 230]]

 [[190 229 224]
  [196 233 226]
  [198 237 232]
  ...
  [122 161 168]
  [180 219 224]
  [182 222 224]]

 [[154 190 188]
  [159 195 191]
  [176 215 212]
  ...
  [116 153 162]
  [187 224 230]
  [192 230 233]]]",person,0.9223344
18256c22-22fd-4887-a307-95d58984032f,"[[[190 190 182]
  [188 189 181]
  [205 209 195]
  ...
  [211 209 197]
  [215 212 203]
  [210 208 196]]

 [[122 121 116]
  [128 129 123]
  [160 163 154]
  ...
  [ 91  86  82]
  [ 78  73  70]
  [161 156 150]]

 [[ 18  17  13]
  [ 21  23  18]
  [ 25  28  21]
  ...
  [ 33  27  29]
  [ 31  25  29]
  [ 41  35  35]]

 ...

 [[  5  19  20]
  [ 15  34  38]
  [ 19  40  45]
  ...
  [ 12  17  55]
  [  1   6  46]
  [ 63  68  98]]

 [[ 61  76  71]
  [ 63  82  80]
  [ 63  79  79]
  ...
  [ 15  21  55]
  [ 23  29  65]
  [ 90  96 122]]

 [[136 154 142]
  [131 148 138]
  [124 135 129]
  ...
  [203 213 222]
  [187 195 206]
  [183 192 197]]]",person,0.9211148
baf025ac-6ff8-46e4-ba93-063d609d5167,"[[[139 190 191]
  [130 181 182]
  [129 180 183]
  ...
  [ 82 116 126]
  [ 72 108 104]
  [124 163 145]]

 [[171 209 212]
  [175 213 216]
  [178 215 221]
  ...
  [ 87 127 129]
  [ 86 126 117]
  [127 169 147]]

 [[203 236 241]
  [204 237 242]
  [205 238 243]
  ...
  [ 81 125 124]
  [ 80 123 113]
  [130 175 154]]

 ...

 [[ 44  55  77]
  [ 48  57  72]
  [ 25  35  45]
  ...
  [122 181 179]
  [134 195 188]
  [152 213 206]]

 [[ 48  60  74]
  [ 34  44  54]
  [ 36  45  52]
  ...
  [128 187 191]
  [141 203 202]
  [156 215 213]]

 [[ 53  65  77]
  [ 45  55  65]
  [ 34  43  50]
  ...
  [129 190 195]
  [140 200 201]
  [157 213 214]]]",person,0.91963744
af436feb-ace8-4674-ad0c-da0e2d446789,"[[[204 178 161]
  [202 176 159]
  [199 173 156]
  ...
  [200 163 145]
  [167 136 118]
  [175 156 139]]

 [[200 173 154]
  [197 170 151]
  [194 172 149]
  ...
  [216 183 168]
  [187 159 145]
  [196 178 166]]

 [[205 176 158]
  [206 179 160]
  [206 184 161]
  ...
  [154 132 118]
  [181 162 147]
  [213 200 192]]

 ...

 [[202 173 157]
  [216 187 173]
  [208 179 171]
  ...
  [202 176 163]
  [203 177 164]
  [203 177 164]]

 [[200 171 155]
  [213 184 170]
  [201 171 161]
  ...
  [204 178 165]
  [204 178 165]
  [202 176 163]]

 [[209 182 165]
  [205 177 165]
  [184 156 145]
  ...
  [195 169 156]
  [192 166 153]
  [195 169 154]]]",person,0.9175397
d392512e-b36a-4be8-9738-e6067b75c6e8,"[[[ 99  69  71]
  [ 78  49  51]
  [128  98  96]
  ...
  [120 114 114]
  [120 111 112]
  [122 113 116]]

 [[100  70  78]
  [ 80  53  60]
  [133 101 104]
  ...
  [119 110 113]
  [120 110 111]
  [122 112 113]]

 [[ 93  64  82]
  [ 81  53  68]
  [137 104 113]
  ...
  [112 101 105]
  [110  98 100]
  [117 105 107]]

 ...

 [[165 150 145]
  [160 147 141]
  [149 138 132]
  ...
  [213 197 172]
  [222 204 180]
  [205 189 166]]

 [[167 152 147]
  [156 145 139]
  [140 131 124]
  ...
  [216 201 178]
  [211 195 172]
  [200 185 162]]

 [[153 138 135]
  [146 135 131]
  [139 130 123]
  ...
  [210 198 176]
  [197 182 161]
  [208 196 174]]]",car,0.9109133
96e2f079-e5bd-4e22-b85b-a1a208ca1110,"[[[163 209 209]
  [177 216 213]
  [196 229 220]
  ...
  [197 243 232]
  [184 236 223]
  [175 227 214]]

 [[152 198 196]
  [190 229 224]
  [194 227 216]
  ...
  [181 234 224]
  [185 236 227]
  [198 245 235]]

 [[187 233 230]
  [205 245 236]
  [199 232 221]
  ...
  [162 213 204]
  [182 227 224]
  [183 224 220]]

 ...

 [[212 232 220]
  [213 235 222]
  [201 225 211]
  ...
  [228 244 241]
  [232 243 239]
  [233 242 239]]

 [[212 232 221]
  [213 234 225]
  [212 233 224]
  ...
  [220 240 239]
  [227 243 240]
  [228 243 238]]

 [[212 232 223]
  [211 232 225]
  [212 233 226]
  ...
  [163 194 189]
  [172 199 190]
  [171 201 189]]]",person,0.9087283
0870ccaf-b148-4cd4-a3dd-fb6463e4cef2,"[[[ 28  91 134]
  [ 70 107 136]
  [123 145 158]
  ...
  [191 230 229]
  [194 233 232]
  [194 232 235]]

 [[ 19  83 129]
  [ 39  83 118]
  [ 90 119 137]
  ...
  [193 232 231]
  [197 233 233]
  [195 233 236]]

 [[ 17  78 132]
  [ 20  65 104]
  [ 30  62  85]
  ...
  [187 229 227]
  [187 229 227]
  [184 225 227]]

 ...

 [[ 11  51 110]
  [  5  45  96]
  [  5  46  92]
  ...
  [ 18  69  90]
  [  0  52  70]
  [  0  47  64]]

 [[ 33  82 125]
  [ 29  82 124]
  [ 12  70 110]
  ...
  [ 45  83 106]
  [ 61 102 124]
  [ 35  77 102]]

 [[ 89 135 168]
  [ 81 134 168]
  [ 81 140 172]
  ...
  [ 32  62  88]
  [ 12  42  68]
  [ 23  56  87]]]",person,0.9054769
c603eb7d-cbfa-4523-9ad5-c211edb0e183,"[[[174 176 165]
  [173 176 165]
  [168 173 166]
  ...
  [ 77  74  67]
  [ 78  70  67]
  [ 77  72  68]]

 [[170 172 161]
  [171 174 163]
  [169 174 167]
  ...
  [ 82  81  76]
  [ 90  85  81]
  [ 89  86  81]]

 [[169 171 160]
  [173 179 167]
  [174 181 173]
  ...
  [ 91  94  87]
  [ 95  94  89]
  [ 98  98  90]]

 ...

 [[118 127 136]
  [111 120 129]
  [107 111 122]
  ...
  [130 131 113]
  [146 149 130]
  [150 155 135]]

 [[118 126 139]
  [112 122 134]
  [104 112 125]
  ...
  [128 129 113]
  [142 144 130]
  [151 155 140]]

 [[117 129 141]
  [115 129 140]
  [105 115 127]
  ...
  [128 129 115]
  [140 144 130]
  [150 156 142]]]",car,0.8922781
a934ad18-ea3e-4542-9e21-6a3b8e87b84f,"[[[184 173 167]
  [166 155 151]
  [148 140 137]
  ...
  [201 202 188]
  [199 202 191]
  [197 207 196]]

 [[173 164 157]
  [158 149 144]
  [149 141 138]
  ...
  [182 176 164]
  [175 175 165]
  [183 193 182]]

 [[152 152 144]
  [147 144 139]
  [146 141 135]
  ...
  [148 135 126]
  [138 131 123]
  [163 166 157]]

 ...

 [[133 137 136]
  [126 132 130]
  [122 126 127]
  ...
  [139 140 132]
  [158 159 151]
  [174 177 168]]

 [[138 144 140]
  [128 134 132]
  [119 125 123]
  ...
  [144 147 138]
  [162 165 156]
  [174 177 168]]

 [[133 143 135]
  [128 138 130]
  [125 134 129]
  ...
  [150 153 144]
  [164 167 158]
  [173 176 167]]]",car,0.890133
04423d25-3d50-43a0-8b21-bf3df81aab25,"[[[228 228 218]
  [204 204 192]
  [192 194 180]
  ...
  [179 181 168]
  [182 184 171]
  [184 186 173]]

 [[227 227 215]
  [203 203 191]
  [191 193 179]
  ...
  [179 181 168]
  [182 184 171]
  [184 186 173]]

 [[231 231 219]
  [200 201 187]
  [191 193 179]
  ...
  [180 182 169]
  [182 184 171]
  [184 186 173]]

 ...

 [[136 156 165]
  [130 148 160]
  [107 126 140]
  ...
  [ 86  78  65]
  [115 102  85]
  [147 134 117]]

 [[134 154 165]
  [126 146 157]
  [110 128 142]
  ...
  [100  91  76]
  [126 115  97]
  [155 147 128]]

 [[127 149 160]
  [125 145 156]
  [109 127 141]
  ...
  [109  97  81]
  [127 120 104]
  [159 156 141]]]",car,0.87610936
3b924d92-731d-4422-84df-ea3b3299c673,"[[[ 22  29  39]
  [ 21  28  38]
  [ 21  28  38]
  ...
  [ 33  68  64]
  [ 23  62  59]
  [ 11  45  47]]

 [[ 27  36  45]
  [ 26  33  41]
  [ 25  32  40]
  ...
  [  0   9  11]
  [  0   9  12]
  [  0  18  24]]

 [[ 30  43  51]
  [ 30  41  47]
  [ 28  38  47]
  ...
  [ 97 106 111]
  [ 96 109 115]
  [113 126 134]]

 ...

 [[211 227 214]
  [210 228 216]
  [209 227 215]
  ...
  [  9  86  42]
  [  2  83  42]
  [  0  83  38]]

 [[214 227 217]
  [212 228 217]
  [211 227 216]
  ...
  [  1  72  32]
  [  2  74  37]
  [  3  79  41]]

 [[213 225 215]
  [213 225 215]
  [213 225 215]
  ...
  [  5  65  31]
  [  4  61  29]
  [  3  62  30]]]",computer,0.8572522
f7421ab1-7708-4520-b705-10d2170e7354,"[[[212 237 233]
  [212 237 233]
  [212 237 233]
  ...
  [199 232 239]
  [196 235 240]
  [193 237 238]]

 [[208 240 235]
  [208 239 234]
  [208 239 234]
  ...
  [147 203 216]
  [146 205 221]
  [146 208 223]]

 [[187 222 216]
  [186 221 215]
  [185 220 214]
  ...
  [108 168 178]
  [106 169 184]
  [110 173 188]]

 ...

 [[ 94 153 151]
  [ 66 122 123]
  [ 56 109 115]
  ...
  [ 81 126 123]
  [ 71 115 114]
  [ 50  94  95]]

 [[126 168 166]
  [117 157 157]
  [100 135 137]
  ...
  [167 212 205]
  [179 222 215]
  [187 228 222]]

 [[181 216 210]
  [179 209 207]
  [180 206 205]
  ...
  [200 241 233]
  [199 239 231]
  [201 241 233]]]",person,0.80696464
45dc9f47-32db-406d-8ca2-9c1f2aeeaa14,"[[[ 58   7  26]
  [131  79  92]
  [185 133 145]
  ...
  [184 158 161]
  [190 163 168]
  [191 164 169]]

 [[ 53   2  19]
  [128  76  88]
  [180 129 138]
  ...
  [160 133 140]
  [167 140 147]
  [184 157 164]]

 [[ 50   0  14]
  [123  72  81]
  [173 122 131]
  ...
  [181 156 160]
  [192 167 171]
  [195 171 171]]

 ...

 [[241 205 189]
  [157 108 103]
  [ 58   2   3]
  ...
  [210 191 185]
  [209 190 186]
  [210 191 187]]

 [[241 201 189]
  [156 105 101]
  [ 51   0   0]
  ...
  [211 190 187]
  [214 193 190]
  [210 189 186]]

 [[255 212 203]
  [146  95  91]
  [ 66  10  11]
  ...
  [214 193 188]
  [213 192 187]
  [210 189 184]]]",person,0.7689167
a727684a-bc3e-4a67-a329-0d318d003d37,"[[[204 207 188]
  [203 206 187]
  [198 203 183]
  ...
  [190 193 176]
  [192 195 178]
  [190 194 177]]

 [[183 184 168]
  [181 182 166]
  [173 176 159]
  ...
  [169 170 156]
  [174 175 161]
  [173 175 161]]

 [[163 163 151]
  [157 157 145]
  [148 150 137]
  ...
  [146 139 129]
  [154 147 139]
  [154 150 141]]

 ...

 [[190 188 175]
  [186 184 172]
  [181 178 169]
  ...
  [193 196 187]
  [189 192 185]
  [188 191 184]]

 [[185 178 168]
  [173 169 160]
  [160 157 150]
  ...
  [202 205 194]
  [199 202 191]
  [200 203 192]]

 [[174 165 158]
  [158 151 145]
  [139 136 131]
  ...
  [196 196 184]
  [198 198 186]
  [203 204 190]]]",phone,0.7657169
6a250a82-3eca-4b25-bf18-ce462cd525d2,"[[[141 170 126]
  [160 183 141]
  [206 220 185]
  ...
  [ 36  39  56]
  [ 42  42  54]
  [ 46  45  51]]

 [[151 178 137]
  [172 188 151]
  [216 225 194]
  ...
  [ 52  54  69]
  [ 54  52  63]
  [ 52  50  53]]

 [[160 183 141]
  [175 182 148]
  [220 221 190]
  ...
  [ 64  64  72]
  [ 68  66  69]
  [ 64  60  57]]

 ...

 [[116 126 136]
  [109 122 130]
  [107 120 128]
  ...
  [174 176 162]
  [179 183 169]
  [177 181 167]]

 [[112 125 134]
  [100 114 123]
  [110 124 133]
  ...
  [177 179 165]
  [175 179 165]
  [174 178 164]]

 [[107 120 129]
  [107 121 132]
  [108 122 133]
  ...
  [180 182 168]
  [171 175 161]
  [175 179 165]]]",car,0.7606998
7f57a848-4b06-4484-af8e-473df25441ba,"[[[ 99 162 180]
  [ 31  89 109]
  [ 63 110 128]
  ...
  [213 239 226]
  [212 238 229]
  [212 237 234]]

 [[138 187 204]
  [ 44  91 109]
  [ 67 110 129]
  ...
  [215 239 225]
  [216 238 226]
  [217 236 230]]

 [[142 185 202]
  [ 77 120 136]
  [ 59 100 118]
  ...
  [213 239 226]
  [216 238 226]
  [217 237 228]]

 ...

 [[177 218 214]
  [171 216 219]
  [166 216 227]
  ...
  [105 139 148]
  [ 42  72  82]
  [ 27  49  62]]

 [[189 220 215]
  [183 219 219]
  [174 219 225]
  ...
  [180 215 217]
  [154 187 194]
  [ 78 106 117]]

 [[200 223 217]
  [192 221 219]
  [182 220 223]
  ...
  [185 219 218]
  [189 224 226]
  [181 215 224]]]",person,0.7530283
08b74736-9381-4475-a352-673fdcc4ed82,"[[[122 110  84]
  [117 108  91]
  [131 124 114]
  ...
  [123 123 125]
  [126 126 126]
  [126 126 124]]

 [[124 113  91]
  [127 119 106]
  [128 124 115]
  ...
  [124 124 124]
  [130 128 129]
  [128 126 127]]

 [[132 123 106]
  [149 145 134]
  [169 168 163]
  ...
  [119 118 116]
  [126 121 125]
  [124 119 125]]

 ...

 [[241 241 243]
  [252 252 252]
  [250 251 246]
  ...
  [ 85  72  56]
  [148 144 135]
  [156 156 154]]

 [[244 246 245]
  [251 253 250]
  [248 249 244]
  ...
  [ 79  74  68]
  [154 154 152]
  [151 157 155]]

 [[244 248 249]
  [246 248 247]
  [245 247 242]
  ...
  [ 78  77  75]
  [162 166 165]
  [139 149 148]]]",phone,0.73614717
bb7d61e7-135d-4513-82d8-85e9f31b874f,"[[[185 233 235]
  [184 234 235]
  [183 233 234]
  ...
  [184 231 221]
  [187 230 220]
  [179 225 215]]

 [[140 205 209]
  [137 205 208]
  [126 196 196]
  ...
  [187 234 226]
  [195 242 236]
  [175 223 223]]

 [[170 235 237]
  [172 242 242]
  [173 248 244]
  ...
  [179 228 222]
  [173 225 221]
  [169 225 226]]

 ...

 [[147 212 214]
  [154 217 222]
  [156 215 221]
  ...
  [111 144 175]
  [ 65 101 117]
  [ 71 106 108]]

 [[164 226 223]
  [158 222 221]
  [154 215 220]
  ...
  [117 151 176]
  [ 82 116 126]
  [ 72 108 104]]

 [[156 210 210]
  [143 202 206]
  [118 182 194]
  ...
  [118 157 172]
  [ 87 127 129]
  [ 86 126 117]]]",person,0.68877274
b3ff188f-6538-4600-8ae2-21bed448a09e,"[[[206 209 190]
  [205 210 190]
  [202 210 187]
  ...
  [128 158 158]
  [125 155 155]
  [126 158 153]]

 [[205 210 190]
  [205 210 190]
  [203 211 190]
  ...
  [153 183 181]
  [150 180 178]
  [151 180 176]]

 [[205 210 190]
  [205 210 190]
  [205 209 192]
  ...
  [158 185 180]
  [162 187 184]
  [159 184 180]]

 ...

 [[149 174 170]
  [138 168 166]
  [124 155 158]
  ...
  [191 194 175]
  [191 194 175]
  [188 193 173]]

 [[148 173 170]
  [139 167 168]
  [127 158 161]
  ...
  [190 193 176]
  [190 193 176]
  [189 193 176]]

 [[154 176 174]
  [145 174 172]
  [131 161 163]
  ...
  [192 196 181]
  [193 197 182]
  [191 198 182]]]",person,0.6776503
a5c4fe4f-0405-405d-83c4-489861267378,"[[[147 105 107]
  [135  93  94]
  [138  94  93]
  ...
  [223 176 168]
  [227 180 174]
  [225 182 175]]

 [[157 104 114]
  [174 118 127]
  [183 123 131]
  ...
  [220 175 169]
  [222 177 172]
  [218 177 171]]

 [[115  54  72]
  [130  63  81]
  [136  59  75]
  ...
  [210 169 163]
  [207 168 163]
  [205 166 161]]

 ...

 [[173 131 135]
  [131  89  91]
  [110  69  65]
  ...
  [ 87  45  55]
  [204 169 173]
  [204 176 173]]

 [[149 102 108]
  [145  99 101]
  [175 130 127]
  ...
  [148 111 119]
  [209 177 180]
  [204 179 175]]

 [[209 161 161]
  [208 160 158]
  [212 167 161]
  ...
  [199 167 172]
  [206 176 178]
  [201 177 173]]]",person,0.67180717
9c394819-c660-4166-8e9a-4be98c3f1b09,"[[[172 126 128]
  [148  99  94]
  [170 127 121]
  ...
  [189 148 142]
  [184 144 136]
  [201 158 151]]

 [[145  99  99]
  [124  77  69]
  [197 159 146]
  ...
  [196 157 152]
  [204 165 158]
  [205 164 158]]

 [[110  64  64]
  [126  82  73]
  [208 175 160]
  ...
  [200 167 162]
  [204 171 164]
  [200 165 159]]

 ...

 [[197 169 165]
  [199 155 154]
  [164  97 104]
  ...
  [238 194 193]
  [225 190 184]
  [223 189 180]]

 [[197 167 159]
  [182 137 134]
  [167 102 108]
  ...
  [231 187 184]
  [220 187 178]
  [220 186 177]]

 [[203 166 157]
  [198 153 147]
  [170 111 113]
  ...
  [228 184 181]
  [220 186 177]
  [229 195 186]]]",person,0.6297286
b6169a34-9411-49c6-8a8e-22a4a4fd5c0b,"[[[206 204 189]
  [207 204 189]
  [194 188 176]
  ...
  [184 187 178]
  [179 184 177]
  [182 187 180]]

 [[202 200 185]
  [203 200 185]
  [194 188 176]
  ...
  [183 183 173]
  [181 184 175]
  [181 187 177]]

 [[206 204 189]
  [205 202 187]
  [191 184 174]
  ...
  [181 178 169]
  [182 185 174]
  [181 187 175]]

 ...

 [[121 117 118]
  [104  95  98]
  [ 77  66  72]
  ...
  [124 111 103]
  [116 101  94]
  [124 110 101]]

 [[120 118 119]
  [106 100 102]
  [ 75  66  71]
  ...
  [165 158 150]
  [147 137 128]
  [140 130 121]]

 [[121 121 119]
  [ 99  97  98]
  [ 81  75  79]
  ...
  [155 152 143]
  [138 131 121]
  [128 118 108]]]",phone,0.5969759
c2fe83b2-05b0-4c37-aa45-7cc41d8bcee5,"[[[112 109 120]
  [113 117 128]
  [109 116 124]
  ...
  [113 133 134]
  [113 134 135]
  [113 137 139]]

 [[125 120 126]
  [118 121 126]
  [118 122 125]
  ...
  [110 126 125]
  [110 129 125]
  [111 131 129]]

 [[123 119 118]
  [117 119 116]
  [120 122 119]
  ...
  [132 143 137]
  [134 145 139]
  [134 146 142]]

 ...

 [[134 133 128]
  [126 125 120]
  [119 118 113]
  ...
  [147 140 132]
  [168 164 155]
  [186 186 176]]

 [[137 130 124]
  [124 119 113]
  [120 117 110]
  ...
  [159 155 146]
  [176 173 166]
  [199 199 189]]

 [[142 129 121]
  [135 124 120]
  [135 130 126]
  ...
  [171 171 161]
  [190 190 182]
  [200 202 191]]]",phone,0.581511
80218445-3bf0-4a88-be63-2d9ec7783c56,"[[[173 155 141]
  [169 158 140]
  [176 165 147]
  ...
  [176 156 132]
  [207 187 163]
  [210 192 168]]

 [[161 143 131]
  [173 160 144]
  [172 159 143]
  ...
  [153 128 106]
  [211 190 169]
  [215 197 175]]

 [[186 168 156]
  [179 166 150]
  [178 162 149]
  ...
  [104  79  59]
  [186 164 143]
  [216 195 176]]

 ...

 [[241 220 201]
  [235 212 204]
  [151 123 120]
  ...
  [212 167 170]
  [218 178 178]
  [221 186 182]]

 [[223 199 187]
  [235 210 205]
  [153 123 123]
  ...
  [217 175 179]
  [228 188 188]
  [217 179 176]]

 [[219 190 186]
  [206 176 178]
  [151 116 122]
  ...
  [216 175 179]
  [211 173 172]
  [214 176 173]]]",person,0.56909895
7722ef3e-0b9e-4f45-9a8d-70f02b19e532,"[[[165 171 161]
  [166 172 162]
  [167 173 163]
  ...
  [184 187 178]
  [185 188 179]
  [186 189 178]]

 [[165 171 161]
  [169 177 164]
  [163 171 160]
  ...
  [182 188 178]
  [183 189 177]
  [188 191 180]]

 [[174 180 166]
  [169 180 164]
  [168 179 165]
  ...
  [180 192 178]
  [169 180 164]
  [184 190 176]]

 ...

 [[136 146 148]
  [129 139 141]
  [112 117 123]
  ...
  [129 125 114]
  [147 145 133]
  [171 169 157]]

 [[130 140 142]
  [123 133 135]
  [108 115 121]
  ...
  [136 134 122]
  [148 148 136]
  [170 170 158]]

 [[134 144 146]
  [120 130 132]
  [110 118 121]
  ...
  [147 148 134]
  [159 160 146]
  [173 173 161]]]",train,0.562253
6fd01d3c-eaa7-4d55-b84b-7bb62acfb96a,"[[[ 91 123 122]
  [ 55  90  92]
  [ 67 103 103]
  [107 148 144]
  [134 180 177]
  [127 176 173]
  [145 195 194]
  [180 228 228]
  [175 219 218]
  [110 154 153]]

 [[101 131 139]
  [ 18  48  58]
  [ 31  58  67]
  [ 36  65  71]
  [ 34  67  74]
  [ 49  88  93]
  [103 144 146]
  [169 213 212]
  [177 222 217]
  [110 157 151]]

 [[ 72 105 114]
  [ 50  79  93]
  [ 45  68  82]
  [ 37  61  73]
  [ 35  63  74]
  [ 44  74  84]
  [166 201 207]
  [197 235 236]
  [192 231 226]
  [121 164 157]]

 [[ 57  94 102]
  [ 67 101 113]
  [ 54  82  94]
  [ 47  73  86]
  [ 55  81  94]
  [ 49  75  88]
  [ 95 122 133]
  [ 94 121 128]
  [123 152 150]
  [130 165 161]]

 [[ 67 108 114]
  [ 51  87 101]
  [ 48  77  91]
  [ 41  67  82]
  [ 73  99 114]
  [ 65  91 106]
  [ 70  96 109]
  [ 66  93 102]
  [158 186 187]
  [212 244 243]]

 [[ 41  81  89]
  [ 20  56  70]
  [ 44  70  87]
  [ 29  52  70]
  [ 44  70  87]
  [ 58  86 100]
  [ 44  76  89]
  [ 55  88  97]
  [ 93 127 128]
  [160 196 194]]

 [[ 54  94 104]
  [ 39  72  89]
  [ 45  70  90]
  [ 45  66  85]
  [ 53  79  96]
  [ 71 100 116]
  [ 72 104 119]
  [ 41  75  84]
  [110 146 146]
  [178 217 214]]

 [[ 73 109 125]
  [ 45  77  98]
  [ 60  85 105]
  [ 48  70  91]
  [ 64  89 109]
  [ 66  93 110]
  [ 75 104 120]
  [ 50  80  91]
  [ 76 110 111]
  [ 96 132 128]]

 [[ 53  89 105]
  [ 32  63  83]
  [ 39  62  80]
  [ 45  66  85]
  [ 61  82 101]
  [ 64  86 107]
  [ 49  74  94]
  [ 69  97 111]
  [ 42  73  78]
  [ 79 118 117]]

 [[ 39  76  85]
  [ 26  55  69]
  [ 52  70  84]
  [ 63  76  92]
  [ 59  74  93]
  [ 67  85 105]
  [ 58  80 103]
  [ 73 100 119]
  [ 26  58  69]
  [ 57  96 101]]

 [[ 45  82  91]
  [ 31  59  71]
  [ 56  74  86]
  [ 72  86  99]
  [ 38  54  70]
  [ 54  72  92]
  [ 46  68  92]
  [ 59  87 108]
  [ 16  50  62]
  [ 58  97 104]]

 [[ 85 119 131]
  [ 44  72  86]
  [ 55  75  86]
  [ 90 108 120]
  [ 58  77  92]
  [ 52  75  93]
  [ 57  83 106]
  [ 56  87 107]
  [ 41  73  86]
  [ 68 105 111]]

 [[ 60  96 110]
  [ 25  58  73]
  [ 39  63  75]
  [ 69  88 102]
  [ 60  83  97]
  [ 59  85 102]
  [ 61  92 112]
  [ 79 112 131]
  [ 24  56  69]
  [ 55  89  98]]

 [[ 57 101 110]
  [ 20  62  74]
  [ 30  58  72]
  [ 58  81  95]
  [ 48  71  85]
  [ 47  75  89]
  [ 47  80  97]
  [ 82 118 134]
  [ 38  70  85]
  [ 45  79  91]]

 [[ 41  91  98]
  [ 14  62  74]
  [ 25  56  76]
  [ 37  62  82]
  [ 36  62  77]
  [ 42  71  85]
  [ 50  86 100]
  [103 141 154]
  [ 43  76  91]
  [ 34  71  80]]

 [[ 86 136 145]
  [ 38  85 101]
  [ 31  61  85]
  [ 51  75  99]
  [ 91 116 136]
  [ 47  76  92]
  [ 67 105 118]
  [107 147 157]
  [ 53  94 100]
  [ 32  77  80]]

 [[118 168 175]
  [ 39  86 102]
  [ 42  72  96]
  [ 47  71  97]
  [108 135 156]
  [ 47  78  96]
  [ 39  77  90]
  [ 96 139 148]
  [ 71 114 120]
  [ 25  73  73]]

 [[ 98 146 148]
  [ 49  93 104]
  [ 40  71  92]
  [ 46  70  94]
  [115 142 163]
  [ 65  96 114]
  [ 17  54  70]
  [ 81 123 135]
  [ 84 127 134]
  [ 30  78  82]]

 [[171 215 214]
  [ 65 108 115]
  [ 36  69  86]
  [ 25  53  74]
  [ 64  95 113]
  [ 54  90 106]
  [ 13  52  69]
  [ 29  73  86]
  [ 26  68  80]
  [ 90 135 141]]

 [[151 193 191]
  [ 56  99 105]
  [ 36  72  84]
  [ 30  63  78]
  [ 68 104 118]
  [145 184 199]
  [ 32  75  92]
  [ 13  59  75]
  [ 19  61  77]
  [136 176 188]]

 [[194 234 234]
  [ 71 114 120]
  [ 42  82  92]
  [ 27  65  78]
  [ 55  95 107]
  [156 200 213]
  [ 75 122 138]
  [ 62 109 125]
  [ 63 106 122]
  [102 142 154]]

 [[113 152 159]
  [ 79 123 134]
  [ 38  80  94]
  [ 30  72  88]
  [ 65 109 122]
  [112 158 171]
  [ 64 113 128]
  [ 58 107 121]
  [ 76 123 133]
  [154 197 203]]

 [[ 85 121 133]
  [ 54  96 112]
  [ 38  79  97]
  [ 43  84 102]
  [ 43  85 101]
  [101 144 160]
  [ 12  60  74]
  [ 35  83  95]
  [ 45  92  98]
  [176 222 220]]

 [[138 170 183]
  [ 48  83 103]
  [ 51  85 110]
  [ 55  89 114]
  [ 37  72  92]
  [135 172 190]
  [100 142 156]
  [ 42  86  95]
  [ 64 109 112]
  [101 148 142]]

 [[166 194 206]
  [ 60  91 111]
  [ 37  69  94]
  [ 44  74 100]
  [ 21  52  73]
  [ 46  77  97]
  [149 185 199]
  [ 80 120 128]
  [136 180 181]
  [166 211 206]]

 [[180 204 214]
  [ 73 102 118]
  [ 67  98 119]
  [ 72 102 126]
  [ 54  82 103]
  [ 28  57  75]
  [ 51  84  99]
  [ 58  95 104]
  [117 156 161]
  [210 250 249]]

 [[115 142 151]
  [ 64  96 111]
  [ 53  88 107]
  [149 184 203]
  [ 87 120 137]
  [ 65  98 113]
  [ 24  60  74]
  [ 52  90  99]
  [ 50  89  94]
  [175 215 215]]

 [[ 72 105 114]
  [ 90 130 142]
  [ 67 111 124]
  [111 155 168]
  [128 170 182]
  [126 166 176]
  [ 74 116 128]
  [ 31  74  83]
  [105 148 154]
  [147 189 188]]

 [[ 68 102 111]
  [103 145 157]
  [ 85 131 144]
  [ 45  93 103]
  [109 156 162]
  [133 180 186]
  [147 194 200]
  [127 174 180]
  [143 188 191]
  [192 236 235]]

 [[115 146 149]
  [170 208 219]
  [173 220 230]
  [ 53 101 111]
  [ 92 141 146]
  [144 194 195]
  [173 221 223]
  [191 239 239]
  [194 243 239]
  [195 242 234]]]",person,0.56130093
51a5b343-6ad3-4ded-877e-ae428fe3dff6,"[[[217 155 156]
  [174 104 112]
  [134  66  79]
  ...
  [222 185 177]
  [224 187 178]
  [213 181 170]]

 [[199 137 140]
  [181 114 123]
  [129  61  76]
  ...
  [219 182 173]
  [217 183 173]
  [218 188 177]]

 [[125  64  69]
  [102  40  53]
  [105  42  61]
  ...
  [218 185 176]
  [219 191 180]
  [215 191 181]]

 ...

 [[190 156 146]
  [195 161 151]
  [208 170 161]
  ...
  [226 193 184]
  [222 195 186]
  [221 194 185]]

 [[199 162 153]
  [202 168 159]
  [207 170 164]
  ...
  [227 197 187]
  [223 196 185]
  [223 195 184]]

 [[203 167 155]
  [203 169 159]
  [207 170 162]
  ...
  [217 189 178]
  [224 196 185]
  [228 198 188]]]",person,0.5283013
1d04c6a6-fbe2-4f4c-9ce9-3adebe21c6a3,"[[[173 209 209]
  [165 196 190]
  [192 222 212]
  ...
  [ 33  60  81]
  [ 90 123 140]
  [ 69 114 120]]

 [[177 209 204]
  [178 208 200]
  [201 231 221]
  ...
  [ 16  45  63]
  [146 178 191]
  [143 184 188]]

 [[193 224 218]
  [189 222 213]
  [194 227 218]
  ...
  [ 22  53  73]
  [110 142 155]
  [179 219 219]]

 ...

 [[195 230 224]
  [178 214 210]
  [181 220 217]
  ...
  [ 41  73  98]
  [110 143 160]
  [128 161 166]]

 [[199 230 224]
  [207 234 229]
  [197 227 219]
  ...
  [ 33  59  86]
  [109 136 157]
  [ 97 124 135]]

 [[162 193 187]
  [190 217 210]
  [207 237 227]
  ...
  [ 18  42  70]
  [105 130 152]
  [127 154 165]]]",person,0.527602
602ad131-d772-4621-a111-614ab33de3bf,"[[[ 69  32  39]
  [ 60  19  27]
  [ 79  34  41]
  ...
  [180 164 151]
  [186 168 156]
  [186 168 156]]

 [[ 68  33  39]
  [ 72  29  39]
  [ 84  31  47]
  ...
  [193 177 164]
  [192 174 162]
  [192 174 162]]

 [[108  79  84]
  [ 85  47  58]
  [ 90  41  60]
  ...
  [192 175 165]
  [186 168 156]
  [183 163 152]]

 ...

 [[205 183 162]
  [209 188 169]
  [198 176 162]
  ...
  [242 221 202]
  [238 218 194]
  [241 220 201]]

 [[217 199 179]
  [219 202 184]
  [220 203 187]
  ...
  [218 196 175]
  [222 199 183]
  [223 199 187]]

 [[216 195 178]
  [219 200 183]
  [221 204 188]
  ...
  [239 213 198]
  [233 204 196]
  [219 190 186]]]",person,0.5219545
163fe30c-7b8c-489b-a555-2cc2ab7a62b7,"[[[227 198 180]
  [229 198 180]
  [230 197 178]
  ...
  [204 182 171]
  [199 177 166]
  [190 168 157]]

 [[218 189 171]
  [223 192 172]
  [222 190 169]
  ...
  [191 168 160]
  [189 166 158]
  [190 167 159]]

 [[224 197 180]
  [223 196 175]
  [224 196 174]
  ...
  [199 174 170]
  [187 162 157]
  [186 161 157]]

 ...

 [[227 201 186]
  [225 202 186]
  [225 202 186]
  ...
  [213 190 182]
  [213 193 184]
  [209 189 180]]

 [[229 203 188]
  [227 204 188]
  [226 203 187]
  ...
  [218 196 185]
  [215 195 184]
  [206 186 175]]

 [[230 204 189]
  [229 203 188]
  [228 202 187]
  ...
  [212 192 183]
  [215 195 186]
  [208 188 179]]]",car,0.51765454
